{
  "users": {
    "6285806947110@s.whatsapp.net": {
      "exp": 75,
      "limit": 3,
      "lastclaim": 0,
      "registered": false,
      "name": "rihha",
      "age": -1,
      "regTime": -1,
      "afk": -1,
      "afkReason": "",
      "banned": false
    },
    "62881023315517@s.whatsapp.net": {
      "exp": 16,
      "limit": 3,
      "lastclaim": 0,
      "registered": false,
      "name": "король Буцин🥴",
      "age": -1,
      "regTime": -1,
      "afk": -1,
      "afkReason": "",
      "banned": false
    },
    "6282393157713@s.whatsapp.net": {
      "exp": 2823,
      "limit": 0,
      "lastclaim": 0,
      "registered": false,
      "name": "Fufufufufu",
      "age": -1,
      "regTime": -1,
      "afk": -1,
      "afkReason": "",
      "banned": false
    },
    "6282296475074@s.whatsapp.net": {
      "exp": 290,
      "limit": 2,
      "lastclaim": 0,
      "registered": false,
      "name": "anjar",
      "age": -1,
      "regTime": -1,
      "afk": -1,
      "afkReason": "",
      "banned": false
    },
    "6285386821404@s.whatsapp.net": {
      "exp": 237,
      "limit": 3,
      "lastclaim": 0,
      "registered": false,
      "name": "teh",
      "age": -1,
      "regTime": -1,
      "afk": -1,
      "afkReason": "",
      "banned": false
    },
    "6281275772261@s.whatsapp.net": {
      "exp": 76,
      "limit": 3,
      "lastclaim": 0,
      "registered": false,
      "name": "Org.",
      "age": -1,
      "regTime": -1,
      "afk": -1,
      "afkReason": "",
      "banned": false
    },
    "6282340997147@s.whatsapp.net": {
      "exp": 1,
      "limit": 3,
      "lastclaim": 0,
      "registered": false,
      "name": "Satria",
      "age": -1,
      "regTime": -1,
      "afk": -1,
      "afkReason": "",
      "banned": false
    },
    "6283141673720@s.whatsapp.net": {
      "exp": 1703,
      "limit": 1,
      "lastclaim": 1615966290730,
      "registered": false,
      "name": "ereh",
      "age": -1,
      "regTime": -1,
      "afk": -1,
      "afkReason": "",
      "banned": false
    },
    "6285591901044@s.whatsapp.net": {
      "exp": 256,
      "limit": 3,
      "lastclaim": 0,
      "registered": false,
      "name": "samsuludin",
      "age": -1,
      "regTime": -1,
      "afk": -1,
      "afkReason": "",
      "banned": false
    },
    "6282196149376@s.whatsapp.net": {
      "exp": 43,
      "limit": 3,
      "lastclaim": 0,
      "registered": false,
      "name": "Auryl cnss",
      "age": -1,
      "regTime": -1,
      "afk": -1,
      "afkReason": "",
      "banned": false
    },
    "6281546544971@s.whatsapp.net": {
      "exp": 9,
      "limit": 3,
      "lastclaim": 0,
      "registered": false,
      "name": "pandu kun",
      "age": -1,
      "regTime": -1,
      "afk": -1,
      "afkReason": "",
      "banned": false
    },
    "6285781675478@s.whatsapp.net": {
      "exp": 11,
      "limit": 3,
      "lastclaim": 0,
      "registered": false,
      "name": "`~Nathan Aja~`",
      "age": -1,
      "regTime": -1,
      "afk": -1,
      "afkReason": "",
      "banned": false
    },
    "6285340266892@s.whatsapp.net": {
      "exp": 58,
      "limit": 2,
      "lastclaim": 0,
      "registered": false,
      "name": "angel",
      "age": -1,
      "regTime": -1,
      "afk": -1,
      "afkReason": "",
      "banned": false
    },
    "628997481025@s.whatsapp.net": {
      "exp": 881,
      "limit": 3,
      "lastclaim": 1615944959027,
      "registered": false,
      "name": "punten",
      "age": -1,
      "regTime": -1,
      "afk": -1,
      "afkReason": "",
      "banned": false
    },
    "6285255306860@s.whatsapp.net": {
      "exp": 192,
      "limit": 3,
      "lastclaim": 0,
      "registered": false,
      "name": "kadek",
      "age": -1,
      "regTime": -1,
      "afk": -1,
      "afkReason": "",
      "banned": false
    },
    "62895404814949@s.whatsapp.net": {
      "exp": 50,
      "limit": 3,
      "lastclaim": 0,
      "registered": false,
      "name": "? ¿ ? ¿ ?",
      "age": -1,
      "regTime": -1,
      "afk": -1,
      "afkReason": "",
      "banned": false
    },
    "6287875177636@s.whatsapp.net": {
      "exp": 4,
      "limit": 3,
      "lastclaim": 0,
      "registered": false,
      "name": "stars",
      "age": -1,
      "regTime": -1,
      "afk": -1,
      "afkReason": "",
      "banned": false
    },
    "62895370890505@s.whatsapp.net": {
      "exp": 8,
      "limit": 3,
      "lastclaim": 0,
      "registered": false,
      "name": "anisanjing",
      "age": -1,
      "regTime": -1,
      "afk": -1,
      "afkReason": "",
      "banned": false
    },
    "6285722940805@s.whatsapp.net": {
      "exp": 11,
      "limit": 3,
      "lastclaim": 0,
      "registered": false,
      "name": "ㅤ",
      "age": -1,
      "regTime": -1,
      "afk": -1,
      "afkReason": "",
      "banned": false
    },
    "6285845609918@s.whatsapp.net": {
      "exp": 35,
      "limit": 3,
      "lastclaim": 0,
      "registered": false,
      "name": "⠀ ⠀ ⠀ ⠀ ⠀ ⠀ ⠀",
      "age": -1,
      "regTime": -1,
      "afk": -1,
      "afkReason": "",
      "banned": false
    },
    "62881025018134@s.whatsapp.net": {
      "exp": 20,
      "limit": 3,
      "lastclaim": 0,
      "registered": false,
      "name": "El",
      "age": -1,
      "regTime": -1,
      "afk": -1,
      "afkReason": "",
      "banned": false
    },
    "6285823904068@s.whatsapp.net": {
      "exp": 1,
      "limit": 3,
      "lastclaim": 0,
      "registered": false,
      "name": "+62 858-2390-4068",
      "age": -1,
      "regTime": -1,
      "afk": -1,
      "afkReason": "",
      "banned": false
    },
    "6282157733944@s.whatsapp.net": {
      "exp": 152,
      "limit": 3,
      "lastclaim": 0,
      "registered": false,
      "name": "piiku`chn><",
      "age": -1,
      "regTime": -1,
      "afk": -1,
      "afkReason": "",
      "banned": false
    },
    "6289512994243@s.whatsapp.net": {
      "exp": 175,
      "limit": 3,
      "lastclaim": 0,
      "registered": false,
      "name": "zara",
      "age": -1,
      "regTime": -1,
      "afk": -1,
      "afkReason": "",
      "banned": false
    },
    "62895336589100@s.whatsapp.net": {
      "exp": 78,
      "limit": 2,
      "lastclaim": 0,
      "registered": false,
      "name": "カリムザッド",
      "age": -1,
      "regTime": -1,
      "afk": -1,
      "afkReason": "",
      "banned": true
    },
    "6285213931849@s.whatsapp.net": {
      "exp": 1,
      "limit": 3,
      "lastclaim": 0,
      "registered": false,
      "name": "Venn Ghoul's",
      "age": -1,
      "regTime": -1,
      "afk": -1,
      "afkReason": "",
      "banned": false
    },
    "6285811125963@s.whatsapp.net": {
      "exp": 1,
      "limit": 3,
      "lastclaim": 0,
      "registered": false,
      "name": "𝘾𝙖𝙡𝙡𝙈𝙚𝙍𝙖𝙖𝙛𝙞𝙞",
      "age": -1,
      "regTime": -1,
      "afk": -1,
      "afkReason": "",
      "banned": false
    },
    "6281315766429@s.whatsapp.net": {
      "exp": 22,
      "limit": 3,
      "lastclaim": 0,
      "registered": false,
      "name": "クララ",
      "age": -1,
      "regTime": -1,
      "afk": -1,
      "afkReason": "",
      "banned": false
    },
    "6281244257843@s.whatsapp.net": {
      "exp": 22,
      "limit": 3,
      "lastclaim": 0,
      "registered": false,
      "name": "Issei editz",
      "age": -1,
      "regTime": -1,
      "afk": -1,
      "afkReason": "",
      "banned": false
    },
    "6281243101665@s.whatsapp.net": {
      "exp": 210,
      "limit": 1,
      "lastclaim": 0,
      "registered": false,
      "name": "adit",
      "age": -1,
      "regTime": -1,
      "afk": -1,
      "afkReason": "",
      "banned": false
    },
    "601172442156@s.whatsapp.net": {
      "exp": 0,
      "limit": 3,
      "lastclaim": 0,
      "registered": false,
      "name": "🐯𝔄𝔦𝔫𝔦 𝔓𝔲𝔱𝔯𝔦🐯",
      "age": -1,
      "regTime": -1,
      "afk": -1,
      "afkReason": "",
      "banned": false
    },
    "6282249151330@s.whatsapp.net": {
      "exp": 24,
      "limit": 3,
      "lastclaim": 0,
      "registered": false,
      "name": "Syaiful",
      "age": -1,
      "regTime": -1,
      "afk": -1,
      "afkReason": "",
      "banned": false
    },
    "6285875160756@s.whatsapp.net": {
      "exp": 211,
      "limit": 3,
      "lastclaim": 0,
      "registered": false,
      "name": "putri ajg",
      "age": -1,
      "regTime": -1,
      "afk": -1,
      "afkReason": "",
      "banned": false
    },
    "6285782951824@s.whatsapp.net": {
      "exp": 0,
      "limit": 3,
      "lastclaim": 0,
      "registered": false,
      "name": "Penjahat Kelamin",
      "age": -1,
      "regTime": -1,
      "afk": -1,
      "afkReason": "",
      "banned": false
    },
    "62895396142207@s.whatsapp.net": {
      "exp": 87,
      "limit": 3,
      "lastclaim": 0,
      "registered": false,
      "name": "nita",
      "age": -1,
      "regTime": -1,
      "afk": -1,
      "afkReason": "",
      "banned": false
    },
    "60137677712@s.whatsapp.net": {
      "exp": 0,
      "limit": 3,
      "lastclaim": 0,
      "registered": false,
      "name": "사라 💖",
      "age": -1,
      "regTime": -1,
      "afk": -1,
      "afkReason": "",
      "banned": false
    },
    "6281311009884@s.whatsapp.net": {
      "exp": 3,
      "limit": 3,
      "lastclaim": 0,
      "registered": false,
      "name": "Aulia",
      "age": -1,
      "regTime": -1,
      "afk": -1,
      "afkReason": "",
      "banned": false
    },
    "6281578384771@s.whatsapp.net": {
      "exp": 15,
      "limit": 3,
      "lastclaim": 0,
      "registered": false,
      "name": "mpi",
      "age": -1,
      "regTime": -1,
      "afk": -1,
      "afkReason": "",
      "banned": false
    },
    "6285321749451@s.whatsapp.net": {
      "exp": 17,
      "limit": 2,
      "lastclaim": 0,
      "registered": false,
      "name": "WiIN",
      "age": -1,
      "regTime": -1,
      "afk": -1,
      "afkReason": "",
      "banned": false
    },
    "6288218113546@s.whatsapp.net": {
      "exp": 0,
      "limit": 3,
      "lastclaim": 0,
      "registered": false,
      "name": "FF. ♡『 ＫＬ 』°ｌＩａ✿ツ",
      "age": -1,
      "regTime": -1,
      "afk": -1,
      "afkReason": "",
      "banned": false
    },
    "6282225676637@s.whatsapp.net": {
      "exp": 1,
      "limit": 3,
      "lastclaim": 0,
      "registered": false,
      "name": "~F.B.I《pelindung Loli》",
      "age": -1,
      "regTime": -1,
      "afk": -1,
      "afkReason": "",
      "banned": false
    },
    "62895378029535@s.whatsapp.net": {
      "exp": 11,
      "limit": 3,
      "lastclaim": 0,
      "registered": false,
      "name": "khey",
      "age": -1,
      "regTime": -1,
      "afk": -1,
      "afkReason": "",
      "banned": false
    },
    "6285747049384@s.whatsapp.net": {
      "exp": 13,
      "limit": 3,
      "lastclaim": 0,
      "registered": false,
      "name": "+62 857-4704-9384",
      "age": -1,
      "regTime": -1,
      "afk": -1,
      "afkReason": "",
      "banned": false
    },
    "6285773412809@s.whatsapp.net": {
      "exp": 19,
      "limit": 3,
      "lastclaim": 0,
      "registered": false,
      "name": "Lusa",
      "age": -1,
      "regTime": -1,
      "afk": -1,
      "afkReason": "",
      "banned": false
    },
    "6281930534559@s.whatsapp.net": {
      "exp": 6,
      "limit": 3,
      "lastclaim": 0,
      "registered": false,
      "name": "Onii-chan,Daisuki",
      "age": -1,
      "regTime": -1,
      "afk": -1,
      "afkReason": "",
      "banned": false
    },
    "6283134446542@s.whatsapp.net": {
      "exp": 2,
      "limit": 3,
      "lastclaim": 0,
      "registered": false,
      "name": "Roy Badrol",
      "age": -1,
      "regTime": -1,
      "afk": -1,
      "afkReason": "",
      "banned": false
    },
    "6282259130431@s.whatsapp.net": {
      "exp": 6,
      "limit": 3,
      "lastclaim": 0,
      "registered": false,
      "name": "Bocci😎",
      "age": -1,
      "regTime": -1,
      "afk": -1,
      "afkReason": "",
      "banned": false
    },
    "60195341599@s.whatsapp.net": {
      "exp": 2,
      "limit": 3,
      "lastclaim": 0,
      "registered": false,
      "name": "+60 19-534 1599",
      "age": -1,
      "regTime": -1,
      "afk": -1,
      "afkReason": "",
      "banned": false
    },
    "6285233799633@s.whatsapp.net": {
      "exp": 7,
      "limit": 3,
      "lastclaim": 0,
      "registered": false,
      "name": "ripaldi",
      "age": -1,
      "regTime": -1,
      "afk": -1,
      "afkReason": "",
      "banned": false
    },
    "6288245541428@s.whatsapp.net": {
      "exp": 48,
      "limit": 3,
      "lastclaim": 0,
      "registered": false,
      "name": "putri",
      "age": -1,
      "regTime": -1,
      "afk": -1,
      "afkReason": "",
      "banned": false
    },
    "6282365882179@s.whatsapp.net": {
      "exp": 19,
      "limit": 3,
      "lastclaim": 0,
      "registered": false,
      "name": "Mikasa Desu",
      "age": -1,
      "regTime": -1,
      "afk": -1,
      "afkReason": "",
      "banned": false
    },
    "6283871862099@s.whatsapp.net": {
      "exp": 37,
      "limit": 3,
      "lastclaim": 0,
      "registered": false,
      "name": "日没",
      "age": -1,
      "regTime": -1,
      "afk": -1,
      "afkReason": "",
      "banned": false
    },
    "6288227694160@s.whatsapp.net": {
      "exp": 8,
      "limit": 3,
      "lastclaim": 0,
      "registered": false,
      "name": "faranjing",
      "age": -1,
      "regTime": -1,
      "afk": -1,
      "afkReason": "",
      "banned": false
    },
    "6283893889559@s.whatsapp.net": {
      "exp": 31,
      "limit": 3,
      "lastclaim": 0,
      "registered": false,
      "name": "Marvel",
      "age": -1,
      "regTime": -1,
      "afk": -1,
      "afkReason": "",
      "banned": false
    },
    "62895617464823@s.whatsapp.net": {
      "exp": 15,
      "limit": 3,
      "lastclaim": 0,
      "registered": false,
      "name": "belanjing",
      "age": -1,
      "regTime": -1,
      "afk": -1,
      "afkReason": "",
      "banned": false
    },
    "6288232740825@s.whatsapp.net": {
      "exp": 26,
      "limit": 3,
      "lastclaim": 0,
      "registered": false,
      "name": "ItsmeRahma📍",
      "age": -1,
      "regTime": -1,
      "afk": -1,
      "afkReason": "",
      "banned": false
    },
    "6285229947587@s.whatsapp.net": {
      "exp": 46,
      "limit": 3,
      "lastclaim": 0,
      "registered": false,
      "name": "rio",
      "age": -1,
      "regTime": -1,
      "afk": -1,
      "afkReason": "",
      "banned": false
    },
    "6288983633293@s.whatsapp.net": {
      "exp": 59,
      "limit": 3,
      "lastclaim": 0,
      "registered": false,
      "name": "𓁹⃤",
      "age": -1,
      "regTime": -1,
      "afk": -1,
      "afkReason": "",
      "banned": false
    },
    "6282288104704@s.whatsapp.net": {
      "exp": 13,
      "limit": 1,
      "lastclaim": 0,
      "registered": false,
      "name": "Cwk Bkn Cwk",
      "age": -1,
      "regTime": -1,
      "afk": -1,
      "afkReason": "",
      "banned": false
    },
    "6283165841671@s.whatsapp.net": {
      "exp": 9,
      "limit": 3,
      "lastclaim": 0,
      "registered": false,
      "name": "ᴘsʏᴄʜᴏ",
      "age": -1,
      "regTime": -1,
      "afk": -1,
      "afkReason": "",
      "banned": false
    },
    "6283128839556@s.whatsapp.net": {
      "exp": 22,
      "limit": 3,
      "lastclaim": 0,
      "registered": false,
      "name": "Psycho🔪🐒",
      "age": -1,
      "regTime": -1,
      "afk": -1,
      "afkReason": "",
      "banned": false
    },
    "6281388542823@s.whatsapp.net": {
      "exp": 2,
      "limit": 3,
      "lastclaim": 0,
      "registered": false,
      "name": "Ini What's app Ya?",
      "age": -1,
      "regTime": -1,
      "afk": -1,
      "afkReason": "",
      "banned": false
    },
    "628981168514@s.whatsapp.net": {
      "exp": 1,
      "limit": 3,
      "lastclaim": 0,
      "registered": false,
      "name": "ceceuw._",
      "age": -1,
      "regTime": -1,
      "afk": -1,
      "afkReason": "",
      "banned": false
    },
    "6282341975957@s.whatsapp.net": {
      "exp": 5,
      "limit": 3,
      "lastclaim": 0,
      "registered": false,
      "name": "suci",
      "age": -1,
      "regTime": -1,
      "afk": -1,
      "afkReason": "",
      "banned": false
    },
    "6285848425484@s.whatsapp.net": {
      "exp": 1,
      "limit": 3,
      "lastclaim": 0,
      "registered": false,
      "name": "ayu",
      "age": -1,
      "regTime": -1,
      "afk": -1,
      "afkReason": "",
      "banned": false
    },
    "6285728738503@s.whatsapp.net": {
      "exp": 1,
      "limit": 3,
      "lastclaim": 0,
      "registered": false,
      "name": "Arkeolus Van Dieven Stoen",
      "age": -1,
      "regTime": -1,
      "afk": -1,
      "afkReason": "",
      "banned": false
    },
    "6285793621545@s.whatsapp.net": {
      "exp": 1,
      "limit": 3,
      "lastclaim": 0,
      "registered": false,
      "name": "Revimariska",
      "age": -1,
      "regTime": -1,
      "afk": -1,
      "afkReason": "",
      "banned": false
    },
    "6283825905087@s.whatsapp.net": {
      "exp": 1,
      "limit": 3,
      "lastclaim": 0,
      "registered": false,
      "name": "+62 838-2590-5087",
      "age": -1,
      "regTime": -1,
      "afk": -1,
      "afkReason": "",
      "banned": false
    },
    "6288224212993@s.whatsapp.net": {
      "exp": 9,
      "limit": 1,
      "lastclaim": 0,
      "registered": false,
      "name": "Wahid Jeager",
      "age": -1,
      "regTime": -1,
      "afk": -1,
      "afkReason": "",
      "banned": false
    },
    "6282162205112@s.whatsapp.net": {
      "exp": 12,
      "limit": 3,
      "lastclaim": 0,
      "registered": false,
      "name": "seira",
      "age": -1,
      "regTime": -1,
      "afk": -1,
      "afkReason": "",
      "banned": false
    },
    "62895616524419@s.whatsapp.net": {
      "exp": 22,
      "limit": 3,
      "lastclaim": 0,
      "registered": false,
      "name": "RATU IKAN",
      "age": -1,
      "regTime": -1,
      "afk": -1,
      "afkReason": "",
      "banned": false
    },
    "62859144778902@s.whatsapp.net": {
      "exp": 4,
      "limit": 3,
      "lastclaim": 0,
      "registered": false,
      "name": "Feybriski Zakariaski",
      "age": -1,
      "regTime": -1,
      "afk": -1,
      "afkReason": "",
      "banned": false
    },
    "6283820632180@s.whatsapp.net": {
      "exp": 8,
      "limit": 3,
      "lastclaim": 0,
      "registered": false,
      "name": "🐰✨~XIAO WU~✨🐰",
      "age": -1,
      "regTime": -1,
      "afk": -1,
      "afkReason": "",
      "banned": false
    },
    "60136717561@s.whatsapp.net": {
      "exp": 26,
      "limit": 3,
      "lastclaim": 0,
      "registered": false,
      "name": "😊😊",
      "age": -1,
      "regTime": -1,
      "afk": -1,
      "afkReason": "",
      "banned": false
    },
    "6283839472979@s.whatsapp.net": {
      "exp": 1,
      "limit": 3,
      "lastclaim": 0,
      "registered": false,
      "name": "+62 838-3947-2979",
      "age": -1,
      "regTime": -1,
      "afk": -1,
      "afkReason": "",
      "banned": false
    },
    "6285803074719@s.whatsapp.net": {
      "exp": 1,
      "limit": 3,
      "lastclaim": 0,
      "registered": false,
      "name": "(REYNA AYU ANGGRAENI)",
      "age": -1,
      "regTime": -1,
      "afk": -1,
      "afkReason": "",
      "banned": false
    },
    "60146275890@s.whatsapp.net": {
      "exp": 51,
      "limit": 3,
      "lastclaim": 0,
      "registered": false,
      "name": "~💜ainabatrisyia💜~",
      "age": -1,
      "regTime": -1,
      "afk": -1,
      "afkReason": "",
      "banned": false
    },
    "60183596580@s.whatsapp.net": {
      "exp": 1,
      "limit": 3,
      "lastclaim": 0,
      "registered": false,
      "name": "Damia",
      "age": -1,
      "regTime": -1,
      "afk": -1,
      "afkReason": "",
      "banned": false
    },
    "6285241035383@s.whatsapp.net": {
      "exp": 3,
      "limit": 3,
      "lastclaim": 0,
      "registered": false,
      "name": "🤡🤡",
      "age": -1,
      "regTime": -1,
      "afk": -1,
      "afkReason": "",
      "banned": false
    },
    "6283849077528@s.whatsapp.net": {
      "exp": 9,
      "limit": 3,
      "lastclaim": 0,
      "registered": false,
      "name": "🙂🌈",
      "age": -1,
      "regTime": -1,
      "afk": -1,
      "afkReason": "",
      "banned": false
    },
    "62895370002300@s.whatsapp.net": {
      "exp": 2,
      "limit": 3,
      "lastclaim": 0,
      "registered": false,
      "name": "S",
      "age": -1,
      "regTime": -1,
      "afk": -1,
      "afkReason": "",
      "banned": false
    },
    "6283820695759@s.whatsapp.net": {
      "exp": 1,
      "limit": 3,
      "lastclaim": 0,
      "registered": false,
      "name": "Silpi",
      "age": -1,
      "regTime": -1,
      "afk": -1,
      "afkReason": "",
      "banned": false
    },
    "6283866732218@s.whatsapp.net": {
      "exp": 24,
      "limit": 3,
      "lastclaim": 0,
      "registered": false,
      "name": "Ibal",
      "age": -1,
      "regTime": -1,
      "afk": -1,
      "afkReason": "",
      "banned": false
    },
    "6285692930489@s.whatsapp.net": {
      "exp": 1,
      "limit": 3,
      "lastclaim": 0,
      "registered": false,
      "name": "AuAhhh",
      "age": -1,
      "regTime": -1,
      "afk": -1,
      "afkReason": "",
      "banned": false
    },
    "62895376988393@s.whatsapp.net": {
      "exp": 5,
      "limit": 3,
      "lastclaim": 0,
      "registered": false,
      "name": "ÑØ_ÑĀMĚ",
      "age": -1,
      "regTime": -1,
      "afk": -1,
      "afkReason": "",
      "banned": false
    },
    "6282114562703@s.whatsapp.net": {
      "exp": 7,
      "limit": 3,
      "lastclaim": 0,
      "registered": false,
      "name": "+62 821-1456-2703",
      "age": -1,
      "regTime": -1,
      "afk": -1,
      "afkReason": "",
      "banned": false
    },
    "6285812370189@s.whatsapp.net": {
      "exp": 31,
      "limit": 3,
      "lastclaim": 0,
      "registered": false,
      "name": "L x r y . R d h",
      "age": -1,
      "regTime": -1,
      "afk": -1,
      "afkReason": "",
      "banned": false
    },
    "6288806892170@s.whatsapp.net": {
      "exp": 38,
      "limit": 3,
      "lastclaim": 0,
      "registered": false,
      "name": "Raffi Ganツ🔥",
      "age": -1,
      "regTime": -1,
      "afk": -1,
      "afkReason": "",
      "banned": false
    },
    "6282289264032@s.whatsapp.net": {
      "exp": 15,
      "limit": 3,
      "lastclaim": 0,
      "registered": false,
      "name": "Afinex",
      "age": -1,
      "regTime": -1,
      "afk": -1,
      "afkReason": "",
      "banned": false
    },
    "6285900461316@s.whatsapp.net": {
      "exp": 0,
      "limit": 3,
      "lastclaim": 0,
      "registered": false,
      "name": "T A Y I",
      "age": -1,
      "regTime": -1,
      "afk": -1,
      "afkReason": "",
      "banned": false
    },
    "6285156086831@s.whatsapp.net": {
      "exp": 0,
      "limit": 3,
      "lastclaim": 0,
      "registered": false,
      "name": "Ari Anggoro",
      "age": -1,
      "regTime": -1,
      "afk": -1,
      "afkReason": "",
      "banned": false
    },
    "62895349887572@s.whatsapp.net": {
      "exp": 1,
      "limit": 3,
      "lastclaim": 0,
      "registered": false,
      "name": "Pickri Maulana",
      "age": -1,
      "regTime": -1,
      "afk": -1,
      "afkReason": "",
      "banned": false
    },
    "6285848180706@s.whatsapp.net": {
      "exp": 1,
      "limit": 3,
      "lastclaim": 0,
      "registered": false,
      "name": ".ttaaa",
      "age": -1,
      "regTime": -1,
      "afk": -1,
      "afkReason": "",
      "banned": false
    },
    "6281226159007@s.whatsapp.net": {
      "exp": 4,
      "limit": 3,
      "lastclaim": 0,
      "registered": false,
      "name": "Nanda",
      "age": -1,
      "regTime": -1,
      "afk": -1,
      "afkReason": "",
      "banned": false
    },
    "6282297969468@s.whatsapp.net": {
      "exp": 5,
      "limit": 3,
      "lastclaim": 0,
      "registered": false,
      "name": ".",
      "age": -1,
      "regTime": -1,
      "afk": -1,
      "afkReason": "",
      "banned": false
    },
    "62895617096090@s.whatsapp.net": {
      "exp": 1,
      "limit": 3,
      "lastclaim": 0,
      "registered": false,
      "name": "+62 895-6170-96090",
      "age": -1,
      "regTime": -1,
      "afk": -1,
      "afkReason": "",
      "banned": false
    },
    "6285215831564@s.whatsapp.net": {
      "exp": 5,
      "limit": 3,
      "lastclaim": 0,
      "registered": false,
      "name": "+62 852-1583-1564",
      "age": -1,
      "regTime": -1,
      "afk": -1,
      "afkReason": "",
      "banned": false
    },
    "62895709127222@s.whatsapp.net": {
      "exp": 15,
      "limit": 3,
      "lastclaim": 0,
      "registered": false,
      "name": "Rhmat",
      "age": -1,
      "regTime": -1,
      "afk": -1,
      "afkReason": "",
      "banned": false
    },
    "6288228122797@s.whatsapp.net": {
      "exp": 3,
      "limit": 3,
      "lastclaim": 0,
      "registered": false,
      "name": "^Ramdana Rendra S",
      "age": -1,
      "regTime": -1,
      "afk": -1,
      "afkReason": "",
      "banned": false
    },
    "6283890083302@s.whatsapp.net": {
      "exp": 1,
      "limit": 3,
      "lastclaim": 0,
      "registered": false,
      "name": "🧃",
      "age": -1,
      "regTime": -1,
      "afk": -1,
      "afkReason": "",
      "banned": false
    },
    "62895712595060@s.whatsapp.net": {
      "exp": 1,
      "limit": 3,
      "lastclaim": 0,
      "registered": false,
      "name": "ᴀɪᴅɪʟ",
      "age": -1,
      "regTime": -1,
      "afk": -1,
      "afkReason": "",
      "banned": false
    },
    "6285708760347@s.whatsapp.net": {
      "exp": 5,
      "limit": 3,
      "lastclaim": 0,
      "registered": false,
      "name": "Rizal",
      "age": -1,
      "regTime": -1,
      "afk": -1,
      "afkReason": "",
      "banned": false
    },
    "6281218257405@s.whatsapp.net": {
      "exp": 7,
      "limit": 3,
      "lastclaim": 0,
      "registered": false,
      "name": "Angga",
      "age": -1,
      "regTime": -1,
      "afk": -1,
      "afkReason": "",
      "banned": false
    },
    "628979224685@s.whatsapp.net": {
      "exp": 14,
      "limit": 3,
      "lastclaim": 0,
      "registered": false,
      "name": "Syafiq Van Voldigoad",
      "age": -1,
      "regTime": -1,
      "afk": -1,
      "afkReason": "",
      "banned": false
    },
    "6282183130443@s.whatsapp.net": {
      "exp": 11,
      "limit": 3,
      "lastclaim": 0,
      "registered": false,
      "name": "Hajpi",
      "age": -1,
      "regTime": -1,
      "afk": -1,
      "afkReason": "",
      "banned": false
    },
    "6282350449626@s.whatsapp.net": {
      "exp": 16,
      "limit": 3,
      "lastclaim": 0,
      "registered": false,
      "name": "Lil Jaizy",
      "age": -1,
      "regTime": -1,
      "afk": -1,
      "afkReason": "",
      "banned": false
    },
    "6281995191771@s.whatsapp.net": {
      "exp": 10,
      "limit": 3,
      "lastclaim": 0,
      "registered": false,
      "name": "kamu",
      "age": -1,
      "regTime": -1,
      "afk": -1,
      "afkReason": "",
      "banned": false
    },
    "6285822558914@s.whatsapp.net": {
      "exp": 9,
      "limit": 3,
      "lastclaim": 0,
      "registered": false,
      "name": "Dara",
      "age": -1,
      "regTime": -1,
      "afk": -1,
      "afkReason": "",
      "banned": false
    },
    "6289603626616@s.whatsapp.net": {
      "exp": 6,
      "limit": 3,
      "lastclaim": 0,
      "registered": false,
      "name": "ald",
      "age": -1,
      "regTime": -1,
      "afk": -1,
      "afkReason": "",
      "banned": false
    },
    "6289514244179@s.whatsapp.net": {
      "exp": 1,
      "limit": 3,
      "lastclaim": 0,
      "registered": false,
      "name": "+62 895-1424-4179",
      "age": -1,
      "regTime": -1,
      "afk": -1,
      "afkReason": "",
      "banned": false
    },
    "6289527190631@s.whatsapp.net": {
      "exp": 1,
      "limit": 3,
      "lastclaim": 0,
      "registered": false,
      "name": "PansyMeツ",
      "age": -1,
      "regTime": -1,
      "afk": -1,
      "afkReason": "",
      "banned": false
    },
    "6285760660941@s.whatsapp.net": {
      "exp": 8,
      "limit": 3,
      "lastclaim": 0,
      "registered": false,
      "name": "Bizarre",
      "age": -1,
      "regTime": -1,
      "afk": -1,
      "afkReason": "",
      "banned": false
    },
    "6282262656653@s.whatsapp.net": {
      "exp": 11,
      "limit": 3,
      "lastclaim": 0,
      "registered": false,
      "name": "Fadhel Mohammad",
      "age": -1,
      "regTime": -1,
      "afk": -1,
      "afkReason": "",
      "banned": false
    },
    "6282168596343@s.whatsapp.net": {
      "exp": 1,
      "limit": 3,
      "lastclaim": 0,
      "registered": false,
      "name": "Pardomuan J W Sitorus",
      "age": -1,
      "regTime": -1,
      "afk": -1,
      "afkReason": "",
      "banned": false
    },
    "6285732668931@s.whatsapp.net": {
      "exp": 8,
      "limit": 3,
      "lastclaim": 0,
      "registered": false,
      "name": "+62 857-3266-8931",
      "age": -1,
      "regTime": -1,
      "afk": -1,
      "afkReason": "",
      "banned": false
    },
    "923474273955@s.whatsapp.net": {
      "exp": 2,
      "limit": 3,
      "lastclaim": 0,
      "registered": false,
      "name": "❤️",
      "age": -1,
      "regTime": -1,
      "afk": -1,
      "afkReason": "",
      "banned": false
    },
    "6285777125785@s.whatsapp.net": {
      "exp": 2,
      "limit": 3,
      "lastclaim": 0,
      "registered": false,
      "name": "+62 857-7712-5785",
      "age": -1,
      "regTime": -1,
      "afk": -1,
      "afkReason": "",
      "banned": false
    },
    "6288742811562@s.whatsapp.net": {
      "exp": 18,
      "limit": 3,
      "lastclaim": 0,
      "registered": false,
      "name": "+62 887-4281-1562",
      "age": -1,
      "regTime": -1,
      "afk": -1,
      "afkReason": "",
      "banned": false
    },
    "6282181739677@s.whatsapp.net": {
      "exp": 19,
      "limit": 3,
      "lastclaim": 0,
      "registered": false,
      "name": "+62 821-8173-9677",
      "age": -1,
      "regTime": -1,
      "afk": -1,
      "afkReason": "",
      "banned": false
    },
    "6285714663022@s.whatsapp.net": {
      "exp": 3,
      "limit": 3,
      "lastclaim": 0,
      "registered": false,
      "name": "+62 857-1466-3022",
      "age": -1,
      "regTime": -1,
      "afk": -1,
      "afkReason": "",
      "banned": false
    },
    "6285349763873@s.whatsapp.net": {
      "exp": 1,
      "limit": 3,
      "lastclaim": 0,
      "registered": false,
      "name": "nurfadhilah shalsa",
      "age": -1,
      "regTime": -1,
      "afk": -1,
      "afkReason": "",
      "banned": false
    },
    "6281312697979@s.whatsapp.net": {
      "exp": 9,
      "limit": 3,
      "lastclaim": 0,
      "registered": false,
      "name": "Hurichii",
      "age": -1,
      "regTime": -1,
      "afk": -1,
      "afkReason": "",
      "banned": false
    },
    "6289678944044@s.whatsapp.net": {
      "exp": 4,
      "limit": 3,
      "lastclaim": 0,
      "registered": false,
      "name": "+62 896-7894-4044",
      "age": -1,
      "regTime": -1,
      "afk": -1,
      "afkReason": "",
      "banned": false
    },
    "6282235581069@s.whatsapp.net": {
      "exp": 3,
      "limit": 3,
      "lastclaim": 0,
      "registered": false,
      "name": "+62 822-3558-1069",
      "age": -1,
      "regTime": -1,
      "afk": -1,
      "afkReason": "",
      "banned": false
    },
    "6285793432434@s.whatsapp.net": {
      "exp": 1,
      "limit": 3,
      "lastclaim": 0,
      "registered": false,
      "name": "↑",
      "age": -1,
      "regTime": -1,
      "afk": -1,
      "afkReason": "",
      "banned": false
    },
    "6287856845110@s.whatsapp.net": {
      "exp": 7,
      "limit": 3,
      "lastclaim": 0,
      "registered": false,
      "name": "Iampro2137q",
      "age": -1,
      "regTime": -1,
      "afk": -1,
      "afkReason": "",
      "banned": false
    },
    "447418349954@s.whatsapp.net": {
      "exp": 4,
      "limit": 3,
      "lastclaim": 0,
      "registered": false,
      "name": "+44 7418 349954",
      "age": -1,
      "regTime": -1,
      "afk": -1,
      "afkReason": "",
      "banned": false
    },
    "6285736996646@s.whatsapp.net": {
      "exp": 3,
      "limit": 3,
      "lastclaim": 0,
      "registered": false,
      "name": "+62 857-3699-6646",
      "age": -1,
      "regTime": -1,
      "afk": -1,
      "afkReason": "",
      "banned": false
    },
    "6282149535171@s.whatsapp.net": {
      "exp": 3,
      "limit": 3,
      "lastclaim": 0,
      "registered": false,
      "name": "+62 821-4953-5171",
      "age": -1,
      "regTime": -1,
      "afk": -1,
      "afkReason": "",
      "banned": false
    },
    "6281224050965@s.whatsapp.net": {
      "exp": 6,
      "limit": 3,
      "lastclaim": 0,
      "registered": false,
      "name": "+62 812-2405-0965",
      "age": -1,
      "regTime": -1,
      "afk": -1,
      "afkReason": "",
      "banned": false
    },
    "6281226571384@s.whatsapp.net": {
      "exp": 1,
      "limit": 3,
      "lastclaim": 0,
      "registered": false,
      "name": "Yuan",
      "age": -1,
      "regTime": -1,
      "afk": -1,
      "afkReason": "",
      "banned": false
    }
  },
  "chats": {
    "6283871862099-1599745539@g.us": {
      "isBanned": false,
      "welcome": false,
      "sWelcome": "",
      "sBye": "",
      "delete": true,
      "antiLink": false
    },
    "6281317781164-1596031109@g.us": {
      "isBanned": false,
      "welcome": false,
      "sWelcome": "",
      "sBye": "",
      "delete": true,
      "antiLink": false
    },
    "62881025018134-1585923602@g.us": {
      "isBanned": false,
      "welcome": false,
      "sWelcome": "",
      "sBye": "",
      "delete": true,
      "antiLink": false
    },
    "status@broadcast": {
      "isBanned": false,
      "welcome": false,
      "sWelcome": "",
      "sBye": "",
      "delete": true,
      "antiLink": false
    },
    "6285875160756@s.whatsapp.net": {
      "isBanned": false,
      "welcome": false,
      "sWelcome": "",
      "sBye": "",
      "delete": true,
      "antiLink": false
    },
    "6282393157713-1615357566@g.us": {
      "isBanned": false,
      "welcome": false,
      "sWelcome": "",
      "sBye": "",
      "delete": true,
      "antiLink": false
    },
    "6289525444881-1602924954@g.us": {
      "isBanned": false,
      "welcome": false,
      "sWelcome": "",
      "sBye": "",
      "delete": true,
      "antiLink": false
    },
    "60178658584-1613754129@g.us": {
      "isBanned": false,
      "welcome": false,
      "sWelcome": "",
      "sBye": "",
      "delete": true,
      "antiLink": false
    },
    "6289663344343-1615888038@g.us": {
      "isBanned": false,
      "welcome": false,
      "sWelcome": "",
      "sBye": "",
      "delete": true,
      "antiLink": false
    },
    "62895396142207@s.whatsapp.net": {
      "isBanned": false,
      "welcome": false,
      "sWelcome": "",
      "sBye": "",
      "delete": true,
      "antiLink": false
    },
    "6283141673720@s.whatsapp.net": {
      "isBanned": false,
      "welcome": false,
      "sWelcome": "",
      "sBye": "",
      "delete": true,
      "antiLink": false
    },
    "601161695303@s.whatsapp.net": {
      "isBanned": false,
      "welcome": false,
      "sWelcome": "",
      "sBye": "",
      "delete": true,
      "antiLink": false
    },
    "6282296475074@s.whatsapp.net": {
      "isBanned": false,
      "welcome": false,
      "sWelcome": "",
      "sBye": "",
      "delete": true,
      "antiLink": false
    },
    "601137201189@s.whatsapp.net": {
      "isBanned": false,
      "welcome": false,
      "sWelcome": "",
      "sBye": "",
      "delete": true,
      "antiLink": false
    },
    "6285845609918@s.whatsapp.net": {
      "isBanned": false,
      "welcome": false,
      "sWelcome": "",
      "sBye": "",
      "delete": true,
      "antiLink": false
    },
    "628997481025@s.whatsapp.net": {
      "isBanned": false,
      "welcome": false,
      "sWelcome": "",
      "sBye": "",
      "delete": true,
      "antiLink": false
    },
    "6288245541428@s.whatsapp.net": {
      "isBanned": false,
      "welcome": false,
      "sWelcome": "",
      "sBye": "",
      "delete": true,
      "antiLink": false
    },
    "6285806947110-1612919538@g.us": {
      "isBanned": false,
      "welcome": false,
      "sWelcome": "",
      "sBye": "",
      "delete": true,
      "antiLink": false
    },
    "6285806947110@s.whatsapp.net": {
      "isBanned": false,
      "welcome": false,
      "sWelcome": "",
      "sBye": "",
      "delete": true,
      "antiLink": false
    },
    "62895336589100@s.whatsapp.net": {
      "isBanned": false,
      "welcome": false,
      "sWelcome": "",
      "sBye": "",
      "delete": true,
      "antiLink": false
    },
    "62895617464823@s.whatsapp.net": {
      "isBanned": false,
      "welcome": false,
      "sWelcome": "",
      "sBye": "",
      "delete": true,
      "antiLink": false
    },
    "60146275890@s.whatsapp.net": {
      "isBanned": false,
      "welcome": false,
      "sWelcome": "",
      "sBye": "",
      "delete": true,
      "antiLink": false
    },
    "6288227694160@s.whatsapp.net": {
      "isBanned": false,
      "welcome": false,
      "sWelcome": "",
      "sBye": "",
      "delete": true,
      "antiLink": false
    },
    "6285737421648-1614207407@g.us": {
      "isBanned": false,
      "welcome": false,
      "sWelcome": "",
      "sBye": "",
      "delete": true,
      "antiLink": false
    },
    "6281615606721@s.whatsapp.net": {
      "isBanned": false,
      "welcome": false,
      "sWelcome": "",
      "sBye": "",
      "delete": true,
      "antiLink": false
    },
    "6282183130443-1615723208@g.us": {
      "isBanned": false,
      "welcome": false,
      "sWelcome": "",
      "sBye": "",
      "delete": true,
      "antiLink": false
    },
    "6281578384771@s.whatsapp.net": {
      "isBanned": false,
      "welcome": false,
      "sWelcome": "",
      "sBye": "",
      "delete": true,
      "antiLink": false
    },
    "6283834652305@s.whatsapp.net": {
      "isBanned": false,
      "welcome": false,
      "sWelcome": "",
      "sBye": "",
      "delete": true,
      "antiLink": false
    },
    "6283861229396@s.whatsapp.net": {
      "isBanned": false,
      "welcome": false,
      "sWelcome": "",
      "sBye": "",
      "delete": true,
      "antiLink": false
    },
    "6285795538408@s.whatsapp.net": {
      "isBanned": false,
      "welcome": false,
      "sWelcome": "",
      "sBye": "",
      "delete": true,
      "antiLink": false
    },
    "6283134446542@s.whatsapp.net": {
      "isBanned": false,
      "welcome": false,
      "sWelcome": "",
      "sBye": "",
      "delete": true,
      "antiLink": false
    },
    "6281226159007@s.whatsapp.net": {
      "isBanned": false,
      "welcome": false,
      "sWelcome": "",
      "sBye": "",
      "delete": true,
      "antiLink": false
    },
    "6285255306860-1616152903@g.us": {
      "isBanned": false,
      "welcome": false,
      "sWelcome": "",
      "sBye": "",
      "delete": true,
      "antiLink": false
    },
    "62895374748585@s.whatsapp.net": {
      "isBanned": false,
      "welcome": false,
      "sWelcome": "",
      "sBye": "",
      "delete": true,
      "antiLink": false
    },
    "6288806892170@s.whatsapp.net": {
      "isBanned": false,
      "welcome": false,
      "sWelcome": "",
      "sBye": "",
      "delete": true,
      "antiLink": false
    },
    "6289512994243@s.whatsapp.net": {
      "isBanned": false,
      "welcome": false,
      "sWelcome": "",
      "sBye": "",
      "delete": true,
      "antiLink": false
    },
    "62895404814949@s.whatsapp.net": {
      "isBanned": false,
      "welcome": false,
      "sWelcome": "",
      "sBye": "",
      "delete": true,
      "antiLink": false
    },
    "6281311850715@s.whatsapp.net": {
      "isBanned": false,
      "welcome": false,
      "sWelcome": "",
      "sBye": "",
      "delete": true,
      "antiLink": false
    },
    "6289678944044@s.whatsapp.net": {
      "isBanned": false,
      "welcome": false,
      "sWelcome": "",
      "sBye": "",
      "delete": true,
      "antiLink": false
    },
    "6281294958473-1603530185@g.us": {
      "isBanned": false,
      "welcome": false,
      "sWelcome": "",
      "sBye": "",
      "delete": true,
      "antiLink": false
    },
    "447418349954@s.whatsapp.net": {
      "isBanned": false,
      "welcome": false,
      "sWelcome": "",
      "sBye": "",
      "delete": true,
      "antiLink": false
    },
    "6285812370189@s.whatsapp.net": {
      "isBanned": false,
      "welcome": false,
      "sWelcome": "",
      "sBye": "",
      "delete": true,
      "antiLink": false
    },
    "6285708760347@s.whatsapp.net": {
      "isBanned": false,
      "welcome": false,
      "sWelcome": "",
      "sBye": "",
      "delete": true,
      "antiLink": false
    }
  },
  "stats": {
    "sticker.js": {
      "total": 30,
      "success": 30,
      "last": 1616167944138,
      "lastSuccess": 1616167944138
    },
    "waifu.js": {
      "total": 33,
      "success": 33,
      "last": 1616165095795,
      "lastSuccess": 1616165095795
    },
    "husbu.js": {
      "total": 11,
      "success": 11,
      "last": 1616078501079,
      "lastSuccess": 1616078501079
    },
    "poto.js": {
      "total": 30,
      "success": 30,
      "last": 1616162765501,
      "lastSuccess": 1616162765501
    },
    "math_answer.js": {
      "total": 17,
      "success": 17,
      "last": 1616162452623,
      "lastSuccess": 1616162452623
    },
    "enable.js": {
      "total": 6,
      "success": 6,
      "last": 1616081739045,
      "lastSuccess": 1616081739045
    },
    "unbanchat.js": {
      "total": 3,
      "success": 3,
      "last": 1616078915716,
      "lastSuccess": 1616078915716
    },
    "menu.js": {
      "total": 23,
      "success": 23,
      "last": 1616205703054,
      "lastSuccess": 1616205703054
    },
    "leaderboard.js": {
      "total": 7,
      "success": 7,
      "last": 1615966501553,
      "lastSuccess": 1615966501553
    },
    "daily.js": {
      "total": 7,
      "success": 7,
      "last": 1615966290730,
      "lastSuccess": 1615966290730
    },
    "hentai.js": {
      "total": 43,
      "success": 43,
      "last": 1616165325347,
      "lastSuccess": 1616165325347
    },
    "tts.js": {
      "total": 5,
      "success": 5,
      "last": 1615967136763,
      "lastSuccess": 1615967136763
    },
    "fitnah.js": {
      "total": 10,
      "success": 10,
      "last": 1616114103140,
      "lastSuccess": 1616114103140
    },
    "styletext.js": {
      "total": 2,
      "success": 2,
      "last": 1615893173219,
      "lastSuccess": 1615893173219
    },
    "nickff.js": {
      "total": 2,
      "success": 2,
      "last": 1615893216995,
      "lastSuccess": 1615893216995
    },
    "meme.js": {
      "total": 17,
      "success": 17,
      "last": 1616118946959,
      "lastSuccess": 1616118946959
    },
    "loli.js": {
      "total": 15,
      "success": 15,
      "last": 1616164990193,
      "lastSuccess": 1616164990193
    },
    "shota.js": {
      "total": 3,
      "success": 3,
      "last": 1616079261782,
      "lastSuccess": 1616079261782
    },
    "wallpaper.js": {
      "total": 2,
      "success": 2,
      "last": 1615895138088,
      "lastSuccess": 1615895138088
    },
    "toimg.js": {
      "total": 11,
      "success": 11,
      "last": 1616167929238,
      "lastSuccess": 1616167929238
    },
    "translate.js": {
      "total": 2,
      "success": 2,
      "last": 1615898986386,
      "lastSuccess": 1615898986386
    },
    "banuser.js": {
      "total": 5,
      "success": 5,
      "last": 1615955885403,
      "lastSuccess": 1615955885403
    },
    "unbanuser.js": {
      "total": 2,
      "success": 2,
      "last": 1615899449758,
      "lastSuccess": 1615899449758
    },
    "jadibot.js": {
      "total": 3,
      "success": 3,
      "last": 1615899509855,
      "lastSuccess": 1615899509855
    },
    "speed.js": {
      "total": 6,
      "success": 6,
      "last": 1616201750657,
      "lastSuccess": 1616201750657
    },
    "play.js": {
      "total": 16,
      "success": 16,
      "last": 1616165813161,
      "lastSuccess": 1616165813161
    },
    "lirik.js": {
      "total": 15,
      "success": 15,
      "last": 1616165852453,
      "lastSuccess": 1616165852453
    },
    "stickergif.js": {
      "total": 3,
      "success": 3,
      "last": 1615911576605,
      "lastSuccess": 1615911576605
    },
    "Grup-seting.js": {
      "total": 14,
      "success": 14,
      "last": 1616164068698,
      "lastSuccess": 1616164068698
    },
    "pantunpakboi.js": {
      "total": 5,
      "success": 5,
      "last": 1615944677956,
      "lastSuccess": 1615944677956
    },
    "neko.js": {
      "total": 7,
      "success": 7,
      "last": 1616119302282,
      "lastSuccess": 1616119302282
    },
    "randomnime.js": {
      "total": 9,
      "success": 9,
      "last": 1616079328437,
      "lastSuccess": 1616079328437
    },
    "online.js": {
      "total": 5,
      "success": 5,
      "last": 1615955814059,
      "lastSuccess": 1615955814059
    },
    "sreddit.js": {
      "total": 37,
      "success": 37,
      "last": 1616205734936,
      "lastSuccess": 1616205734936
    },
    "afk.js": {
      "total": 7,
      "success": 7,
      "last": 1616119308362,
      "lastSuccess": 1616119308362
    },
    "profile.js": {
      "total": 8,
      "success": 8,
      "last": 1615966345406,
      "lastSuccess": 1615966345406
    },
    "okick.js": {
      "total": 2,
      "success": 2,
      "last": 1615955683209,
      "lastSuccess": 1615955683209
    },
    "paylimit.js": {
      "total": 2,
      "success": 2,
      "last": 1615966333052,
      "lastSuccess": 1615966333052
    },
    "apakah2.js": {
      "total": 20,
      "success": 20,
      "last": 1615967087659,
      "lastSuccess": 1615967087659
    },
    "attp.js": {
      "total": 2,
      "success": 2,
      "last": 1615967149229,
      "lastSuccess": 1615967149229
    },
    "nulis.js": {
      "total": 6,
      "success": 6,
      "last": 1616113601871,
      "lastSuccess": 1616113601871
    },
    "banchat.js": {
      "total": 2,
      "success": 2,
      "last": 1616078888377,
      "lastSuccess": 1616078888377
    },
    "wiki.js": {
      "total": 23,
      "success": 17,
      "last": 1616164119140,
      "lastSuccess": 1616164119140
    },
    "kbbi.js": {
      "total": 4,
      "success": 4,
      "last": 1616114187017,
      "lastSuccess": 1616114187017
    },
    "blackpink.js": {
      "total": 3,
      "success": 3,
      "last": 1616114038616,
      "lastSuccess": 1616114038616
    },
    "text3d.js": {
      "total": 3,
      "success": 3,
      "last": 1616114450225,
      "lastSuccess": 1616114450225
    },
    "pornhub.js": {
      "total": 3,
      "success": 3,
      "last": 1616117344818,
      "lastSuccess": 1616117344818
    },
    "estetik.js": {
      "total": 8,
      "success": 8,
      "last": 1616117219240,
      "lastSuccess": 1616117219240
    },
    "rahasia.js": {
      "total": 2,
      "success": 2,
      "last": 1616117759238,
      "lastSuccess": 1616117759238
    },
    "opengumuman.js": {
      "total": 2,
      "success": 2,
      "last": 1616117807075,
      "lastSuccess": 1616117807075
    },
    "darkjokes.js": {
      "total": 7,
      "success": 7,
      "last": 1616155248880,
      "lastSuccess": 1616155248880
    },
    "epep.js": {
      "total": 10,
      "success": 10,
      "last": 1616123506710,
      "lastSuccess": 1616123506710
    },
    "pubg.js": {
      "total": 3,
      "success": 1,
      "last": 1616120891360,
      "lastSuccess": 1616120891360
    },
    "quotes.js": {
      "total": 2,
      "success": 2,
      "last": 1616121262188,
      "lastSuccess": 1616121262188
    },
    "nsfwneko.js": {
      "total": 3,
      "success": 3,
      "last": 1616162507892,
      "lastSuccess": 1616162507892
    },
    "nsfwtrap.js": {
      "total": 6,
      "success": 6,
      "last": 1616163166400,
      "lastSuccess": 1616163166400
    },
    "google.js": {
      "total": 2,
      "success": 2,
      "last": 1616165900821,
      "lastSuccess": 1616165900821
    },
    "tiktok.js": {
      "total": 2,
      "success": 0,
      "last": 1616167021117,
      "lastSuccess": 0
    },
    "creator.js": {
      "total": 6,
      "success": 6,
      "last": 1616202783306,
      "lastSuccess": 1616202783306
    }
  }
}